czas,amplituda
0.0,-1.573576765377411
0.001,1.4426797358660521
0.002,0.08924634715011914
0.003,1.2214100296577621
0.004,0.8216054108940223
0.005,2.1798823888364303
0.006,1.044599802649912
0.007,0.29965150217308734
0.008,0.6552240213229377
0.009000000000000001,0.9868437795032724
0.01,0.36406874931648575
0.011,0.02545958854278054
0.012,-0.1052671968739995
0.013000000000000001,-0.06631647686464964
0.014,0.34160398668616276
0.015,-0.6869251685528887
0.016,-0.6386095554456787
0.017,-0.2056307910977239
0.018000000000000002,-0.14400646340731524
0.019,-0.45740451361212525
0.02,0.3771674422582613
0.021,-0.2794265313095856
0.022,0.4069871771950363
0.023,1.7482341685875493
0.024,1.1403178797686553
0.025,2.3176982968972233
0.026000000000000002,1.9448216792319828
0.027,1.8778103603803036
0.028,1.1391564215634082
0.029,1.1872119196551292
0.03,1.0828453165425225
0.031,0.05142947126967512
0.032,-1.312478188413451
0.033,-0.1810657548759438
0.034,0.06733595875139173
0.035,-0.3989466379345209
0.036000000000000004,0.07291601070657637
0.037,-0.0781344691754862
0.038,0.2525379404410436
0.039,0.16661781611541754
0.04,1.6033722187957797
0.041,0.9663870550687923
0.042,1.4462534719571192
0.043000000000000003,1.007869271652067
0.044,1.8498968623684007
0.045,0.45372199774970423
0.046,2.4227260778714568
0.047,1.74803081749787
0.048,1.5626419868802137
0.049,0.043022672220784486
0.05,1.4964738193658387
0.051000000000000004,0.07685628906864717
0.052000000000000005,0.38493614886801836
0.053,0.7716737581667719
0.054,0.41277653652303103
0.055,-0.020197475735668054
0.056,0.22373775246144004
0.057,0.2990922130337102
0.058,0.5022448968295266
0.059000000000000004,1.5323502409278067
0.06,0.6269347673665149
0.061,1.603207143250618
0.062,2.2752277870304782
0.063,0.7331437642476476
0.064,1.4018504031734444
0.065,1.7740923884481594
0.066,1.3866134551637934
0.067,1.232522913249352
0.068,1.0295377465081959
0.069,0.8514264411537618
0.07,1.31379778206029
0.07100000000000001,0.40927411326344354
0.07200000000000001,-0.9252033677464498
0.073,-0.15699857356012775
0.074,0.5348259535824836
0.075,-1.1378878725257624
0.076,-0.7321704746216975
0.077,-0.6307284787450653
0.078,-0.0023904658410249524
0.079,0.0985107344580548
0.08,1.0337382664636996
0.081,0.4911612237981423
0.082,1.4677102130140784
0.083,1.9293063893619555
0.084,1.8622045229367952
0.085,1.1335019042027765
0.08600000000000001,0.31989830055017987
0.08700000000000001,2.1179135351016516
0.088,2.1868758344036205
0.089,0.7483339718859089
0.09,0.18275548309774486
0.091,0.46790904127203253
0.092,-0.21270718100537933
0.093,-0.33287041732480505
0.094,-0.6370542673462208
0.095,-1.473955112347881
0.096,-0.7454973646566804
0.097,-1.2143352636892915
0.098,-0.2517334058582605
0.099,-0.6331102661744183
0.1,-0.31443815922249263
0.101,1.2936151044020892
0.10200000000000001,1.0606863419370707
0.10300000000000001,1.2689199643959417
0.10400000000000001,0.6685815803495133
0.105,1.3139358113385602
0.106,0.02445270101478436
0.107,0.490674520682907
0.108,0.37246830601740155
0.109,-0.32240833785514517
0.11,-1.985651495735234
0.111,-0.5876082917357441
0.112,-1.5718814241178372
0.113,-1.6560546536087604
0.114,-0.4558532548926737
0.115,-1.8411044557111578
0.116,-2.0167613894124097
0.117,-1.029879130118191
0.11800000000000001,-1.6610181781438227
0.11900000000000001,-0.7926333568939423
0.12,-1.250367059723538
0.121,-0.040240554717468124
0.122,0.6122211533966878
0.123,1.2996955073298984
0.124,-0.26822927333893154
0.125,0.5528257020983729
0.126,0.12526758210625183
0.127,0.6610820453957238
0.128,0.13941064765419614
0.129,-0.7024963484461834
0.13,-1.3192885149225733
0.131,-0.8213153965630006
0.132,-1.5582131465556057
0.133,-1.9073804028800747
0.134,-2.543986236920557
0.135,-2.2662027731259236
0.136,-1.4850259386555065
0.137,-0.43085616096936485
0.138,-1.5926148312335646
0.139,-1.0802760959940971
0.14,-0.9408668967583583
0.14100000000000001,-1.7433073531307928
0.14200000000000002,-0.03588792566288607
0.14300000000000002,1.2225911081479612
0.14400000000000002,-0.37263074360232423
0.145,-0.16318635744472818
0.146,-0.3349589807152031
0.147,0.2848761855126528
0.148,-0.34573703517177157
0.149,-0.6550718413836064
0.15,-1.2433416391510488
0.151,-0.9378025458777619
0.152,-1.7034233497274291
0.153,-1.5237535971831688
0.154,-1.0661002209351844
0.155,-1.5680684596844054
0.156,-1.8133024107111688
0.157,-2.052161612716424
0.158,-1.7101773153416662
0.159,-1.6476955645549047
0.16,-0.9551051861205606
0.161,-0.16203273130481555
0.162,-0.29470563482569523
0.163,0.1452372761338363
0.164,0.3984650198105118
0.165,1.529097341288697
0.166,0.299627155314823
0.167,0.2096003359095675
0.168,-0.4054254153692303
0.169,-1.1839176506983176
0.17,-0.15479436958639936
0.171,-0.6268887253951385
0.17200000000000001,-2.572579045212783
0.17300000000000001,-0.022346360333906246
0.17400000000000002,-2.5487742624974183
0.17500000000000002,-2.018800919429343
0.176,-1.5360884978288103
0.177,-1.245710873096968
0.178,-1.4469213909781318
0.179,-0.9652540613768813
0.18,0.7851642327045614
0.181,-0.3082487654539162
0.182,0.06721740145609725
0.183,0.662511602767413
0.184,0.5807619155153377
0.185,0.21167406129407335
0.186,1.0059600999513638
0.187,0.1726751731072229
0.188,-0.07349267165412787
0.189,0.3400423899210421
0.19,-0.5467954672865325
0.191,-1.4140639677586728
0.192,-1.270618414291955
0.193,-1.3907395951893835
0.194,-1.009296381288996
0.195,-1.569111303592999
0.196,-0.949850330974173
0.197,-1.0201907181828
0.198,-0.30280113628778355
0.199,-0.9327663504617505
0.2,0.8419015311984276
0.201,-0.6907621507975995
0.202,-0.4242441666232588
0.203,1.1150465127320952
0.20400000000000001,1.1102854998997433
0.20500000000000002,0.7926850868586977
0.20600000000000002,0.8613303748270702
0.20700000000000002,1.086847088830995
0.20800000000000002,1.9198346546948253
0.209,-0.26496580852254004
0.21,-0.018706747082669284
0.211,0.01853625942156388
0.212,-0.7106705830144423
0.213,-0.39012841795555175
0.214,-0.9011859451193474
0.215,-0.7676232105930128
0.216,-0.6770453254553004
0.217,0.526341609815861
0.218,-0.048938457081491506
0.219,-0.07045013171096531
0.22,0.06055517299709057
0.221,1.1948538803951547
0.222,1.0549338942204682
0.223,2.2317814408218624
0.224,1.3093268625687076
0.225,1.8358820344866835
0.226,1.8039501816292125
0.227,1.5761731009500022
0.228,1.2957520249768446
0.229,1.798089182058614
0.23,1.6205558045964805
0.231,1.5812499976944525
0.232,-0.1397146655815557
0.233,-0.1400931169345506
0.234,-0.14010383611079613
0.23500000000000001,0.0932573088583486
0.23600000000000002,0.5445035263929471
0.23700000000000002,0.516728396915409
0.23800000000000002,0.8701974095103329
0.23900000000000002,-0.05300048220102582
0.24,0.57902677032736
0.241,1.3714339064622079
0.242,1.450661521467944
0.243,1.6237475685026639
0.244,0.9460176959740844
0.245,2.246793592238393
0.246,1.898497109293783
0.247,2.2865645319075134
0.248,1.9595798464740437
0.249,1.011125161272882
0.25,1.3252314519134842
0.251,0.46156941735752666
0.252,0.4553413551449584
0.253,0.5168238598803052
0.254,0.3904024991765258
0.255,-0.31251562325726917
0.256,1.5437366736747429
0.257,-0.6298372997842318
0.258,-0.12170822141127324
0.259,0.9249732161431757
0.26,-0.29432473600987963
0.261,1.7479523467896334
0.262,1.7277253705379894
0.263,2.0996703837142237
0.264,2.7111594821042098
0.265,1.677393718028612
0.266,1.3071620146625271
0.267,1.8042956747409824
0.268,1.465409484590161
0.269,2.2186500035534165
0.27,1.2334556358901914
0.271,0.730394343609555
0.272,0.9850132412222237
0.273,0.5901643784251387
0.274,-1.4053548597771353
0.275,-1.367989993558934
0.276,0.1461434707014792
0.277,-1.0118744953623753
0.278,-0.20815398245598676
0.279,0.38822168485712605
0.28,1.554225466395561
0.281,1.4981544512392464
0.28200000000000003,0.30010341485535363
0.28300000000000003,1.3803697643340254
0.28400000000000003,1.2779676829315918
0.28500000000000003,1.8963195565762803
0.28600000000000003,1.4968907930758422
0.28700000000000003,1.7626978961725175
0.28800000000000003,0.6070791286227306
0.289,0.2596739758192027
0.29,0.1654646997214739
0.291,-1.4593396459593262
0.292,-0.495684680922515
0.293,-0.8815792446034707
0.294,-0.478065054095363
0.295,-0.4946716562109983
0.296,-1.6962515326919352
0.297,-0.8618575064328153
0.298,-0.1738715702297587
0.299,0.0987849115561607
0.3,0.20862873992400982
0.301,0.3667563582242668
0.302,0.6062725670670388
0.303,0.6298060532593992
0.304,1.1720479146163973
0.305,1.0369120320051688
0.306,1.1510990605034577
0.307,0.3073541252680997
0.308,0.5750583743854221
0.309,0.025373661941377537
0.31,0.25116015904813466
0.311,-0.1277993149760035
0.312,-0.13961579071785213
0.313,-1.72959734990016
0.314,-1.6127889123502293
0.315,-0.5283711640256493
0.316,-2.2454742685327265
0.317,-1.8046168460100314
0.318,-1.4738300844927443
0.319,-0.5994356665722634
0.32,-1.2171695434516592
0.321,-0.8719398500272226
0.322,0.06748334961483343
0.323,-0.4593565309295631
0.324,0.03612313243244897
0.325,0.24745388451474082
0.326,0.6651195138541821
0.327,0.418135191474353
0.328,-0.055211318205680815
0.329,-1.0877085224769794
0.33,-1.2794792088842242
0.331,-1.0556966426800913
0.332,-0.8339834786291903
0.333,-1.4485013277732544
0.334,-2.117243549129774
0.335,-1.597074585572774
0.336,-2.6379687044669913
0.337,-1.8045392599362793
0.338,-0.969634446519212
0.339,-1.0808779833822784
0.34,-0.9927147739520412
0.341,-0.33522186635141105
0.342,0.5549970311020455
0.343,-1.2366501272550237
0.34400000000000003,0.06701388564155779
0.34500000000000003,0.17188133532686298
0.34600000000000003,0.7958870978846124
0.34700000000000003,0.5494779039908039
0.34800000000000003,-0.9918622190247441
0.34900000000000003,-0.9238585850673453
0.35000000000000003,-0.8237440209557254
0.35100000000000003,0.1917595641444001
0.352,-2.171279445189797
0.353,-1.2386263017103911
0.354,-1.371335773007892
0.355,-1.4262602801576127
0.356,-1.9595308804898732
0.357,-2.3003541507900422
0.358,-1.0295382388292547
0.359,-1.227858969985248
0.36,-1.1413068555881267
0.361,-1.073560919408833
0.362,0.27862553801197976
0.363,-1.1820446804238847
0.364,-0.6444752978795781
0.365,-0.7728805989180121
0.366,0.7486608505243775
0.367,0.2792187348834627
0.368,-0.8132506867079381
0.369,0.07000052110745425
0.37,0.1717972202393102
0.371,-1.7167629798693842
0.372,-1.412489529230716
0.373,-1.5169119519972345
0.374,-1.7245903972943535
0.375,-2.6125494374481795
0.376,-2.116868562218075
0.377,-2.117384282134763
0.378,-2.0081546766792027
0.379,-0.9721209057005071
0.38,-0.9002742904226068
0.381,0.36468788093631643
0.382,-0.37024223244123705
0.383,-0.19337736122807198
0.384,0.10600444340944487
0.385,1.4036478954496003
0.386,0.2419905646800809
0.387,0.8282893079265704
0.388,0.7484243776677457
0.389,-0.2544861826173208
0.39,-0.3256883559325812
0.391,-0.2986480089266652
0.392,-0.7290678082048244
0.393,-1.1465976992863376
0.394,-1.1903359486178373
0.395,-0.9381677522652941
0.396,-1.9649511479515127
0.397,-0.4426974443726927
0.398,-0.9152104680591944
0.399,0.2502734105041755
0.4,0.6343436765576891
0.401,-0.6094956318279514
0.402,0.14409578054157401
0.403,0.3236016761923519
0.404,0.9974672839303145
0.405,1.9360072062654252
0.406,0.7498273041832557
0.40700000000000003,1.359749355463058
0.40800000000000003,-0.7311818774190525
0.40900000000000003,0.36573656776868085
0.41000000000000003,0.865939875272576
0.41100000000000003,0.3256941641279644
0.41200000000000003,-0.2258293970221893
0.41300000000000003,-0.0295688215344585
0.41400000000000003,0.07013204960416453
0.41500000000000004,-0.8282527132994221
0.41600000000000004,-0.6645789290322018
0.417,-0.7638552635131048
0.418,0.487286217819937
0.419,-0.10791692550127385
0.42,0.2835957392795803
0.421,1.0535768415130766
0.422,0.7678642002783376
0.423,2.47070398957978
0.424,1.380426051407983
0.425,1.675836613934262
0.426,1.1724707235667169
0.427,1.7390878989186889
0.428,0.24293678149529052
0.429,1.013632774613481
0.43,0.7763943953413801
0.431,0.7677482528712808
0.432,-0.915030175189138
0.433,0.6227501840720676
0.434,-0.3471218875106961
0.435,0.24781674873673293
0.436,0.6555367157807968
0.437,-0.016005662427892045
0.438,-0.3701574093226767
0.439,-0.08410050493688104
0.44,1.1317249365819935
0.441,1.2522859856154165
0.442,2.513519418503232
0.443,1.534790889375961
0.444,1.3623359850764825
0.445,2.200694516191223
0.446,2.295993799270377
0.447,1.9704885740833353
0.448,1.3539019127576892
0.449,0.7873080905750386
0.45,1.4409528244940892
0.451,0.06525924028326513
0.452,0.49183728283393885
0.453,0.5551916614636794
0.454,-0.08054191690821352
0.455,-0.5693970109316709
0.456,0.9515420175455359
0.457,0.42360413224471294
0.458,-0.2731239712806398
0.459,1.107581391135947
0.46,0.69289188663444
0.461,0.590439034368066
0.462,1.5050789247622556
0.463,2.14405824348746
0.464,1.4200992842466784
0.465,1.658059534012505
0.466,2.340271137290438
0.467,0.5923825695911473
0.468,1.151711353847814
0.46900000000000003,1.408551672066126
0.47000000000000003,1.1484856921800746
0.47100000000000003,0.6497758192471595
0.47200000000000003,-0.2068293884311162
0.47300000000000003,0.5835114472316714
0.47400000000000003,0.2656760005044755
0.47500000000000003,-0.01709154060142437
0.47600000000000003,-0.025160384489354093
0.47700000000000004,-0.6499306205313616
0.47800000000000004,-0.03062230253588917
0.47900000000000004,1.4544351069139807
0.48,1.4693785809441011
0.481,0.8871860668847363
0.482,1.282405514019735
0.483,0.8221930491561449
0.484,1.8612465421158257
0.485,2.4637012432230336
0.486,1.5702799887963472
0.487,1.4998673914918124
0.488,1.2762511477225276
0.489,0.7009372856111755
0.49,-0.39593388401413465
0.491,0.645820110365209
0.492,-1.2155014638769055
0.493,-0.7794463020604389
0.494,-0.46378936719819663
0.495,-0.45483808478312965
0.496,-1.2415051911159334
0.497,-1.1085881322360864
0.498,-0.201287227598467
0.499,0.5942958059642578
0.5,0.17252463687175945
0.501,0.21783602195816865
0.502,0.15529111052904193
0.503,0.40725509963053064
0.504,0.156613992108683
0.505,-0.4643184088243073
0.506,1.210932148769677
0.507,1.458275449633375
0.508,0.6715448569802724
0.509,0.5072222642881541
0.51,-0.00919138770478678
0.511,-2.0306753965136943
0.512,-0.13494883375731237
0.513,-2.2359639646390423
0.514,-2.463389290466131
0.515,-1.9016318894699655
0.516,-0.9838412040874405
0.517,-1.066875961820092
0.518,-1.6096875579685597
0.519,-0.23444952075844672
0.52,-1.7374824556717
0.521,-0.08770194957196845
0.522,-0.741459032347787
0.523,0.09128737751547156
0.524,-0.03416000334897523
0.525,0.12910610639016443
0.526,0.24852268203142797
0.527,0.4516448369688977
0.528,0.40252953453769447
0.529,-0.24004470947242648
0.53,-0.8738160901513827
0.531,-2.252643829236847
0.532,-0.6272423468097098
0.533,-2.491380535894651
0.534,-1.5917403508654624
0.535,-1.7080017313228808
0.536,-0.6522896377697942
0.537,-1.723464342310104
0.538,-2.233178878312066
0.539,-1.915990857262806
0.54,-0.47307472765585185
0.541,-0.08006822687923032
0.542,-0.8385781446130742
0.543,0.25384629944030174
0.544,-0.19556893195930256
0.545,0.4355351989689994
0.546,-1.2349918234004031
0.547,0.5758492792353258
0.548,-1.1477849292893803
0.549,-0.8624506597571634
0.55,-0.8778639558308543
0.551,-1.250279735418361
0.552,-1.7049105748480033
0.553,-2.2042646339039234
0.554,-1.166499827201431
0.555,-1.6225003076158357
0.556,-2.121154776389798
0.557,-1.6811729482024067
0.558,-0.9018478837616614
0.559,-0.8153563415762524
0.56,-1.1154878792956198
0.561,-0.9963367258546368
0.562,-1.636789139970062
0.5630000000000001,-0.05286622059401528
0.5640000000000001,-0.36134837958877525
0.5650000000000001,-0.0693643309601322
0.5660000000000001,0.01768296288650062
0.5670000000000001,0.5394218576561413
0.5680000000000001,0.15485563503975153
0.5690000000000001,0.09084356072248567
0.5700000000000001,-0.2891217732657495
0.5710000000000001,-1.2902877037579565
0.5720000000000001,-1.7213379442923875
0.5730000000000001,-1.1849003747487412
0.5740000000000001,-1.9539701791537882
0.5750000000000001,-1.8749595893604407
0.5760000000000001,-0.6901982210472877
0.577,-1.0320616054042568
0.578,-1.964180085826115
0.579,-1.5305205543575502
0.58,-0.9224382350879914
0.581,-0.2847394486639028
0.582,-0.5676897462022754
0.583,-1.4168837445671603
0.584,0.8247395576729037
0.585,0.620405284178552
0.586,0.02564047851795026
0.587,1.1858937745107494
0.588,0.45408878045855056
0.589,0.17320864814502382
0.59,-0.4524887018025002
0.591,0.1753531666325039
0.592,-0.42128648656600204
0.593,-1.0273470386542167
0.594,-1.0536896032631584
0.595,-0.8771862953126095
0.596,0.33388168834588594
0.597,-0.5744174254170173
0.598,-0.30105023595834535
0.599,-0.05701359116459509
0.6,-0.2873323261539954
0.601,0.2546086993724588
0.602,0.298298807925685
0.603,1.0659126217282047
0.604,1.4658452739444512
0.605,1.0980497081056657
0.606,1.4292366604455575
0.607,1.7453608144190875
0.608,0.13308322656090732
0.609,0.8766800822001146
0.61,-0.06569155422975737
0.611,-0.21231750715365436
0.612,0.36922619184192607
0.613,0.2337180478271716
0.614,-0.003513376369656762
0.615,-0.1495039867417936
0.616,0.3597181566797506
0.617,-1.0764792962632928
0.618,0.0223301118309346
0.619,1.0466439184821574
0.62,0.1839376633685293
0.621,1.0446240587584412
0.622,1.7384636953861676
0.623,1.3215106427920702
0.624,2.307441370115259
0.625,2.264072412786445
0.626,0.671329869821303
0.627,0.8200985969652527
0.628,1.796874078411014
0.629,1.453871186661313
0.63,1.4106684180168316
0.631,0.30158293818400767
0.632,0.8029721429206734
0.633,-0.6241386071568177
0.634,-0.06249202184442059
0.635,0.015407342900239249
0.636,-0.45254795529953573
0.637,0.44924813623518417
0.638,0.26882137011682383
0.639,0.09680340253995956
0.64,0.7410436090047092
0.641,2.374609022569641
0.642,1.167358598776956
0.643,1.0776318997722731
0.644,2.381399828934134
0.645,2.709674228685472
0.646,1.2723533390819015
0.647,1.619296441426905
0.648,0.6449882260368108
0.649,1.3870002680811135
0.65,1.0560363091110339
0.651,0.9674143677965175
0.652,1.257014806578269
0.653,0.14626236635471127
0.654,-0.6202666462526099
0.655,0.15203825602180676
0.656,1.3851645980739642
0.657,0.696588296353811
0.658,1.0858936155827204
0.659,1.0431139476337892
0.66,0.6110557809537503
0.661,1.4330704061077233
0.662,0.6279110598303856
0.663,2.2012802964634
0.664,0.9703081814319929
0.665,1.6343419643299948
0.666,1.2538670153297147
0.667,1.6207268990756731
0.668,1.4423140545562667
0.669,1.3512145990124191
0.67,1.555345397037684
0.671,0.6884406400953134
0.672,0.5943824183317101
0.673,0.5727476522859019
0.674,-0.06647303285000808
0.675,-0.9776211733574959
0.676,-1.091368980443134
0.677,0.45784326732429625
0.678,0.22591210464585573
0.679,0.5226545402790648
0.68,-0.2416789526376677
0.681,0.6860198311973752
0.682,0.97095864533139
0.683,1.0213383465517625
0.684,2.1457018338858993
0.685,2.2362359234807654
0.686,2.221452313305849
0.687,0.723686162747524
0.6880000000000001,1.7644557320425864
0.6890000000000001,0.3726438083334171
0.6900000000000001,0.33656142682099943
0.6910000000000001,-0.18370168761831768
0.6920000000000001,-0.8265341712212357
0.6930000000000001,-0.4069056750573522
0.6940000000000001,-2.4771623344464553
0.6950000000000001,-0.7633245253887585
0.6960000000000001,-0.6421550766393351
0.6970000000000001,-2.017991264378858
0.6980000000000001,-0.9859973915440815
0.6990000000000001,0.02468970672191617
0.7000000000000001,-0.2656411433574189
0.7010000000000001,-1.411923736044954
0.7020000000000001,-0.15097204060564695
0.7030000000000001,1.0420808858083634
0.704,0.12000970597277627
0.705,1.0434285069021068
0.706,0.8531627438640459
0.707,0.5053647213614514
0.708,-0.6133803283728767
0.709,0.3012745907916254
0.71,-0.3240957908364203
0.711,0.6262554100854231
0.712,-0.5403560912965726
0.713,-1.0255152768112596
0.714,-1.5482384545513872
0.715,-1.0040637483350119
0.716,-0.8549648943156565
0.717,-2.1244565953159826
0.718,0.17906252763324937
0.719,-0.6948720892106665
0.72,-1.2569154597804197
0.721,0.14147805117004186
0.722,0.7456024860790367
0.723,0.9521433013027969
0.724,-0.8855725719626325
0.725,0.5053332157789059
0.726,0.11225273847616753
0.727,-1.4416543495264844
0.728,-0.3289093870565209
0.729,-1.3714755499993796
0.73,-0.7323830584269915
0.731,-1.0574024527021548
0.732,-1.2098864375172012
0.733,-2.1586617408001048
0.734,-1.368016724729622
0.735,-2.0182710960208494
0.736,-1.3784180258725864
0.737,-2.1411987494269256
0.738,-1.2559278411533759
0.739,-2.252200472229338
0.74,-1.163662310893147
0.741,-0.21919482019286607
0.742,-0.11197242640582206
0.743,0.3370094183873982
0.744,-0.9861599427678982
0.745,0.6497923312130623
0.746,0.8982728297666721
0.747,-1.251477787451168
0.748,0.18350986626593246
0.749,-0.21196196556551228
0.75,-0.3976730064493438
0.751,-1.1676928287353443
0.752,-1.6389610338505554
0.753,-2.307119100914172
0.754,-3.014456912380446
0.755,-1.361628686983611
0.756,-1.8287377258327264
0.757,-1.900219742877588
0.758,-1.9511006809921385
0.759,-0.5130432789245966
0.76,-0.6756142764349274
0.761,-0.789010194090296
0.762,0.365947557279362
0.763,0.023637841262548698
0.764,0.48660761923475276
0.765,-0.4748297746297323
0.766,0.5406090121318667
0.767,0.9922547621328441
0.768,-0.2231967511650213
0.769,-0.3763851349687436
0.77,0.05127978983580672
0.771,-1.3271966323233146
0.772,-0.9769561260386417
0.773,-1.6906010574562678
0.774,-2.018124450694619
0.775,-1.9721572341680744
0.776,-1.0423275879713445
0.777,-1.900317791141975
0.778,-2.556768289707285
0.779,-1.2846165021872695
0.78,-0.5726728770154671
0.781,-0.9009035369275407
0.782,-0.07915343231758418
0.783,1.290242252362583
0.784,1.3713309663624478
0.785,1.659844096409631
0.786,-0.034859916209159625
0.787,1.2606172255985837
0.788,-0.2740149024337604
0.789,-0.2883971817556019
0.79,-1.079025470567374
0.791,-1.6009980735733604
0.792,-0.49481794304433274
0.793,-0.830642873981944
0.794,-1.5413886354227728
0.795,-1.422228085064395
0.796,-1.3253861794645776
0.797,-1.112864859830929
0.798,0.07307923233273106
0.799,-0.276648787785733
0.8,0.17453362751135051
0.801,0.37222092236821763
0.802,1.0527824105778432
0.803,0.7214170160737443
0.804,0.9860128526694714
0.805,1.6965581526278313
0.806,1.766789114745642
0.807,0.46208095835723806
0.808,1.0117621262243899
0.809,1.5122488493463488
0.81,0.1781903055108872
0.811,-0.42840683204368546
0.812,-0.678977084628194
0.8130000000000001,-0.11606880527694607
0.8140000000000001,-1.0945525394041158
0.8150000000000001,-0.7583001614630474
0.8160000000000001,-0.9426869649913157
0.8170000000000001,-0.12183427243709535
0.8180000000000001,0.5474838702646184
0.8190000000000001,0.4031382560255465
0.8200000000000001,0.5936148195084092
0.8210000000000001,1.6220560634715606
0.8220000000000001,1.253799426588061
0.8230000000000001,1.7687045991565027
0.8240000000000001,0.9685572079981943
0.8250000000000001,1.8358294696223878
0.8260000000000001,1.2741467482369933
0.8270000000000001,0.9672018871214607
0.8280000000000001,1.3870661728461648
0.8290000000000001,0.6415017601395656
0.8300000000000001,1.0889891048839546
0.8310000000000001,-0.18577792078007382
0.8320000000000001,0.602198357486123
0.833,1.530815933312116
0.834,0.6729770562604165
0.835,-0.6099324906972456
0.836,0.5127094434623285
0.837,0.33925665531461624
0.838,-0.5009657490605058
0.839,-0.7992972439680086
0.84,0.6361540658269338
0.841,1.0422339719912594
0.842,2.1257399120696707
0.843,1.8654397280291937
0.844,0.9067231436203127
0.845,1.4521684291700554
0.846,0.6162301585478944
0.847,1.761960063363694
0.848,2.7989612505649433
0.849,0.9401453307955954
0.85,1.1144951422284568
0.851,-0.1072816376793897
0.852,0.37946038113173186
0.853,0.32328700405826166
0.854,0.3032960910339556
0.855,0.9981298376753123
0.856,-0.4069081013993829
0.857,0.515529311835623
0.858,-0.009550535519295467
0.859,0.3509704535308435
0.86,1.1711653515760543
0.861,0.7682128816573706
0.862,1.3638105042380655
0.863,1.3324735375344245
0.864,1.0601493066845344
0.865,3.032449376132701
0.866,1.6843402500908025
0.867,1.1740753909210304
0.868,-0.16473284100289964
0.869,1.954087833928372
0.87,-0.39752138353765487
0.871,-0.5643359338127709
0.872,0.0563908916319682
0.873,-0.5198641135405079
0.874,0.025040820627861476
0.875,-0.04317486637938056
0.876,-0.7189369981391169
0.877,-0.6409270148026038
0.878,0.48130985214251076
0.879,-0.14533132464706688
0.88,0.8331945375039167
0.881,1.2911937651314012
0.882,1.5575304254794065
0.883,1.21758587255208
0.884,1.776860697134012
0.885,0.8841647220714347
0.886,1.6963598495237293
0.887,0.37068454486305047
0.888,0.3215815118189437
0.889,0.3967579224503424
0.89,0.10108785772801893
0.891,-0.7224275894029977
0.892,-0.7982399802572211
0.893,-0.7017458153483981
0.894,0.39767308743895735
0.895,-0.5102125633263919
0.896,0.08201556609472638
0.897,-0.930838343269262
0.898,-0.2555795344595569
0.899,0.18498424269109115
0.9,-0.9711733537805813
0.901,1.035148772444262
0.902,1.1092534418334603
0.903,0.350603281806709
0.904,1.4837338848554609
0.905,0.7377909681275245
0.906,1.0731581428702968
0.907,1.4191553500715441
0.908,0.49430425049160287
0.909,0.18879298969785815
0.91,-0.7294162551690682
0.911,0.11936418161354645
0.912,-0.9498152013419647
0.913,-1.5181119170826525
0.914,-0.7658248102747626
0.915,-1.1951589138658572
0.916,-2.313345434380731
0.917,-1.350879030937049
0.918,-0.7239791910315777
0.919,-1.029058350476876
0.92,0.2982171960085993
0.921,0.5803070004544659
0.922,-0.5769868353192988
0.923,0.33679983694667637
0.924,0.8478444054717049
0.925,1.9354022453267152
0.926,-0.35091733856070095
0.927,-0.6849141080385117
0.928,-0.661976430460617
0.929,-1.8417188827883582
0.93,-0.43636680755786317
0.931,-1.0591904706127138
0.932,-1.2580477165805866
0.933,-1.3905078178170511
0.934,-1.168239228551759
0.935,-1.3076248963055086
0.936,-3.0901463491603325
0.937,-2.493979865606637
0.9380000000000001,-1.308192247172216
0.9390000000000001,-2.2139496320159857
0.9400000000000001,-0.8002895689978482
0.9410000000000001,-0.8606866354062966
0.9420000000000001,-0.8453932004338944
0.9430000000000001,-0.6268722897470582
0.9440000000000001,0.4453996941146511
0.9450000000000001,-1.0069021120817538
0.9460000000000001,0.17564648127349936
0.9470000000000001,0.9162553741658147
0.9480000000000001,-0.12909084609211202
0.9490000000000001,-0.46236550638361074
0.9500000000000001,-1.3925108666776715
0.9510000000000001,-0.8161907027817339
0.9520000000000001,-0.470462150841946
0.9530000000000001,-1.7908840070806904
0.9540000000000001,-2.2009381989689665
0.9550000000000001,-2.7308057519160034
0.9560000000000001,-0.9717272862884927
0.9570000000000001,-0.4414285361319288
0.9580000000000001,-1.3400021035587248
0.9590000000000001,-0.9278715484440905
0.96,-0.8876467579184877
0.961,-1.0355263542819466
0.962,-1.1705089442715249
0.963,-0.4170789797403432
0.964,0.059676748134770356
0.965,0.3610031778402384
0.966,0.6089412246429721
0.967,-0.9136684205165025
0.968,0.4150633232176547
0.969,-0.6133504271458377
0.97,-0.46025042978026476
0.971,-1.1823867734122293
0.972,-1.4787597532892505
0.973,-0.8146107708631363
0.974,-2.429428349428822
0.975,-1.7043674828654973
0.976,-2.1039927543721255
0.977,-1.4530599494444376
0.978,-1.6838266657567207
0.979,-0.6471253143561886
0.98,-1.3470273454693755
0.981,-0.0612463011720277
0.982,0.14422572210824985
0.983,0.9202083977178847
0.984,0.3155855975906497
0.985,-0.015092567345295294
0.986,1.1051654616890074
0.987,-0.13712231477946196
0.988,-0.5949305223744226
0.989,0.29107644642242486
0.99,-1.2014915039840617
0.991,-1.2164906901843087
0.992,-0.916051535081207
0.993,-0.8936254697301299
0.994,-1.0881222667808013
0.995,-0.7050162076841863
0.996,-1.3181494939765532
0.997,-1.2760699611038473
0.998,0.3107667647782646
0.999,0.2325158787683127
